user_id,emotion,pre_cognition,pre_cognition_level,rescource,rescource_difficulty,post_cognition,promotion
1,0,0.213,1,1,0,0.2839,0.0709
2,0,0.2155,1,1,0,0.2822,0.0667
3,0,0.218,1,1,0,0.2805,0.0625
4,0,0.2195,1,1,0,0.2822,0.0627
5,0,0.221,1,1,0,0.2838,0.0628
6,0,0.2225,1,1,0,0.279,0.0565
7,0,0.224,1,1,0,0.2742,0.0502
8,0,0.229,1,1,0,0.2852,0.0562
9,0,0.234,1,1,0,0.2963,0.0623
10,0,0.239,1,1,0,0.2944,0.0554
11,0,0.244,1,1,0,0.2924,0.0484
12,0,0.277,2,1,0,0.3421,0.0651
13,0,0.278,2,1,0,0.3332,0.0552
14,0,0.283,2,1,0,0.3408,0.0578
15,0,0.292,2,1,0,0.3698,0.0778
16,0,0.302,2,1,0,0.3759,0.0739
17,0,0.31,2,1,0,0.3758,0.0658
18,0,0.33,2,1,0,0.4021,0.0721
19,0,0.343,2,1,0,0.4095,0.0665
20,0,0.359,2,1,0,0.4263,0.0673
21,0,0.379,2,1,0,0.4586,0.0796
22,0,0.379,2,1,0,0.4506,0.0716
23,0,0.389,2,1,0,0.4647,0.0757
24,0,0.39,2,1,0,0.4798,0.0898
25,0,0.408,2,1,0,0.4978,0.0898
26,0,0.424,2,1,0,0.4976,0.0736
27,0,0.441,2,1,0,0.5176,0.0766
28,0,0.447,2,1,0,0.5382,0.0912
29,0,0.473,2,1,0,0.5711,0.0981
30,0,0.475,2,1,0,0.5524,0.0774
31,0,0.481,2,1,0,0.558,0.077
32,0,0.533,3,1,0,0.6319,0.0989
33,0,0.534,3,1,0,0.619,0.085
34,0,0.548,3,1,0,0.6476,0.0996
35,0,0.556,3,1,0,0.6565,0.1005
36,0,0.565,3,1,0,0.6565,0.0915
37,0,0.583,3,1,0,0.6865,0.1035
38,0,0.596,3,1,0,0.702,0.106
39,0,0.613,3,1,0,0.7109,0.0979
40,0,0.616,3,1,0,0.7112,0.0952
41,0,0.627,3,1,0,0.7304,0.1034
42,0,0.639,3,1,0,0.7418,0.1028
43,0,0.641,3,1,0,0.76,0.119
44,0,0.644,3,1,0,0.7424,0.0984
45,0,0.658,3,1,0,0.7749,0.1169
46,0,0.675,3,1,0,0.7938,0.1188
47,0,0.682,3,1,0,0.8076,0.1256
48,0,0.694,3,1,0,0.817,0.123
49,0,0.712,3,1,0,0.828,0.116
50,0,0.715,3,1,0,0.8433,0.1283
51,0,0.751,4,1,0,0.8794,0.1284
52,0,0.7565,4,1,0,0.887,0.1305
53,0,0.762,4,1,0,0.89,0.128
54,0,0.779,4,1,0,0.89,0.111
55,0,0.796,4,1,0,0.89,0.094
56,0,0.8085,4,1,0,0.89,0.0815
57,0,0.821,4,1,0,0.89,0.069
58,0,0.839,4,1,0,0.83,-0.009
59,0,0.857,4,1,0,0.86,0.003
60,1,0.208,1,1,0,0.3014,0.0934
61,1,0.2095,1,1,0,0.3055,0.096
62,1,0.211,1,1,0,0.3097,0.0987
63,1,0.2155,1,1,0,0.3237,0.1082
64,1,0.22,1,1,0,0.3377,0.1177
65,1,0.221,1,1,0,0.3468,0.1258
66,1,0.222,1,1,0,0.3559,0.1339
67,1,0.272,2,1,0,0.3696,0.0976
68,1,0.291,2,1,0,0.4037,0.1127
69,1,0.309,2,1,0,0.4007,0.0917
70,1,0.313,2,1,0,0.4282,0.1152
71,1,0.323,2,1,0,0.4103,0.0873
72,1,0.331,2,1,0,0.4722,0.1412
73,1,0.334,2,1,0,0.4645,0.1305
74,1,0.358,2,1,0,0.4492,0.0912
75,1,0.374,2,1,0,0.523,0.149
76,1,0.39,2,1,0,0.5158,0.1258
77,1,0.4,2,1,0,0.5339,0.1339
78,1,0.409,2,1,0,0.555,0.146
79,1,0.415,2,1,0,0.5656,0.1506
80,1,0.418,2,1,0,0.54,0.122
81,1,0.428,2,1,0,0.5771,0.1491
82,1,0.43,2,1,0,0.5743,0.1443
83,1,0.442,2,1,0,0.5887,0.1467
84,1,0.473,2,1,0,0.6231,0.1501
85,1,0.476,2,1,0,0.5865,0.1105
86,1,0.477,2,1,0,0.6366,0.1596
87,1,0.483,2,1,0,0.6233,0.1403
88,1,0.491,2,1,0,0.6132,0.1222
89,1,0.497,2,1,0,0.6588,0.1618
90,1,0.527,3,1,0,0.6782,0.1512
91,1,0.531,3,1,0,0.6727,0.1417
92,1,0.553,3,1,0,0.6871,0.1341
93,1,0.574,3,1,0,0.6955,0.1215
94,1,0.576,3,1,0,0.7287,0.1527
95,1,0.576,3,1,0,0.7437,0.1677
96,1,0.583,3,1,0,0.7405,0.1575
97,1,0.584,3,1,0,0.7306,0.1466
98,1,0.617,3,1,0,0.7493,0.1323
99,1,0.644,3,1,0,0.8034,0.1594
100,1,0.655,3,1,0,0.7856,0.1306
101,1,0.664,3,1,0,0.8316,0.1676
102,1,0.677,3,1,0,0.8581,0.1811
103,1,0.698,3,1,0,0.8514,0.1534
104,1,0.707,3,1,0,0.8704,0.1634
105,1,0.718,3,1,0,0.8527,0.1347
106,1,0.745,3,1,0,0.89,0.145
107,1,0.749,3,1,0,0.89,0.141
108,1,0.776,4,1,0,0.89,0.114
109,1,0.777,4,1,0,0.89,0.113
110,1,0.778,4,1,0,0.89,0.112
111,1,0.7995,4,1,0,0.89,0.0905
112,1,0.821,4,1,0,0.803,-0.018
113,1,0.829,4,1,0,0.89,0.061
114,1,0.837,4,1,0,0.89,0.053
115,1,0.859,4,1,0,0.89,0.031
116,1,0.881,4,1,0,0.89,0.009
117,0,0.207,1,1,1,0.2773,0.0703
118,0,0.2215,1,1,1,0.2934,0.0719
119,0,0.236,1,1,1,0.3095,0.0735
120,0,0.2365,1,1,1,0.3086,0.0721
121,0,0.237,1,1,1,0.3076,0.0706
122,0,0.262,2,1,1,0.3384,0.0764
123,0,0.284,2,1,1,0.3569,0.0729
124,0,0.29,2,1,1,0.3546,0.0646
125,0,0.29,2,1,1,0.3576,0.0676
126,0,0.304,2,1,1,0.3672,0.0632
127,0,0.328,2,1,1,0.4129,0.0849
128,0,0.34,2,1,1,0.4152,0.0752
129,0,0.343,2,1,1,0.4305,0.0875
130,0,0.373,2,1,1,0.4579,0.0849
131,0,0.38,2,1,1,0.4717,0.0917
132,0,0.396,2,1,1,0.4685,0.0725
133,0,0.414,2,1,1,0.5065,0.0925
134,0,0.437,2,1,1,0.5201,0.0831
135,0,0.443,2,1,1,0.5348,0.0918
136,0,0.444,2,1,1,0.5299,0.0859
137,0,0.448,2,1,1,0.5373,0.0893
138,0,0.46,2,1,1,0.5527,0.0927
139,0,0.471,2,1,1,0.5559,0.0849
140,0,0.481,2,1,1,0.577,0.096
141,0,0.503,3,1,1,0.6235,0.1205
142,0,0.503,3,1,1,0.6135,0.1105
143,0,0.516,3,1,1,0.637,0.121
144,0,0.519,3,1,1,0.6413,0.1223
145,0,0.524,3,1,1,0.6489,0.1249
146,0,0.531,3,1,1,0.6367,0.1057
147,0,0.546,3,1,1,0.6623,0.1163
148,0,0.576,3,1,1,0.7027,0.1267
149,0,0.581,3,1,1,0.6993,0.1183
150,0,0.593,3,1,1,0.7106,0.1176
151,0,0.613,3,1,1,0.7469,0.1339
152,0,0.644,3,1,1,0.7654,0.1214
153,0,0.647,3,1,1,0.7837,0.1367
154,0,0.653,3,1,1,0.7684,0.1154
155,0,0.662,3,1,1,0.7894,0.1274
156,0,0.663,3,1,1,0.7815,0.1185
157,0,0.673,3,1,1,0.7966,0.1236
158,0,0.679,3,1,1,0.8123,0.1333
159,0,0.7,3,1,1,0.8237,0.1237
160,0,0.712,3,1,1,0.853,0.141
161,0,0.718,3,1,1,0.8607,0.1427
162,0,0.721,3,1,1,0.847,0.126
163,0,0.73,3,1,1,0.874,0.144
164,0,0.759,4,1,1,0.8853,0.1263
165,0,0.771,4,1,1,0.886,0.115
166,0,0.783,4,1,1,0.832,0.049
167,0,0.794,4,1,1,0.892,0.098
168,0,0.805,4,1,1,0.896,0.091
169,0,0.8185,4,1,1,0.91,0.0915
170,0,0.832,4,1,1,0.867,0.035
171,0,0.852,4,1,1,0.876,0.024
172,0,0.872,4,1,1,0.897,0.025
173,1,0.207,1,1,1,0.3323,0.1253
174,1,0.211,1,1,1,0.3322,0.1212
175,1,0.215,1,1,1,0.3322,0.1172
176,1,0.2275,1,1,1,0.3301,0.1026
177,1,0.24,1,1,1,0.328,0.088
178,1,0.244,1,1,1,0.3474,0.1034
179,1,0.248,1,1,1,0.3669,0.1189
180,1,0.257,2,1,1,0.3589,0.1019
181,1,0.277,2,1,1,0.3671,0.0901
182,1,0.281,2,1,1,0.3696,0.0886
183,1,0.284,2,1,1,0.4159,0.1319
184,1,0.304,2,1,1,0.4032,0.0992
185,1,0.319,2,1,1,0.4268,0.1078
186,1,0.331,2,1,1,0.4242,0.0932
187,1,0.366,2,1,1,0.4801,0.1141
188,1,0.381,2,1,1,0.5308,0.1498
189,1,0.396,2,1,1,0.5115,0.1155
190,1,0.407,2,1,1,0.5147,0.1077
191,1,0.41,2,1,1,0.5641,0.1541
192,1,0.431,2,1,1,0.5744,0.1434
193,1,0.436,2,1,1,0.559,0.123
194,1,0.438,2,1,1,0.5492,0.1112
195,1,0.474,2,1,1,0.6033,0.1293
196,1,0.487,2,1,1,0.6507,0.1637
197,1,0.505,3,1,1,0.6427,0.1377
198,1,0.521,3,1,1,0.6605,0.1395
199,1,0.531,3,1,1,0.7157,0.1847
200,1,0.532,3,1,1,0.6678,0.1358
201,1,0.532,3,1,1,0.6728,0.1408
202,1,0.543,3,1,1,0.707,0.164
203,1,0.58,3,1,1,0.7202,0.1402
204,1,0.584,3,1,1,0.7626,0.1786
205,1,0.588,3,1,1,0.7251,0.1371
206,1,0.599,3,1,1,0.7713,0.1723
207,1,0.602,3,1,1,0.7406,0.1386
208,1,0.603,3,1,1,0.7428,0.1398
209,1,0.609,3,1,1,0.7834,0.1744
210,1,0.61,3,1,1,0.7555,0.1455
211,1,0.625,3,1,1,0.8022,0.1772
212,1,0.626,3,1,1,0.8213,0.1953
213,1,0.641,3,1,1,0.836,0.195
214,1,0.653,3,1,1,0.8094,0.1564
215,1,0.661,3,1,1,0.8463,0.1853
216,1,0.67,3,1,1,0.8223,0.1523
217,1,0.672,3,1,1,0.8405,0.1685
218,1,0.675,3,1,1,0.8658,0.1908
219,1,0.681,3,1,1,0.8495,0.1685
220,1,0.727,3,1,1,0.8837,0.1567
221,1,0.766,4,1,1,0.91,0.144
222,1,0.775,4,1,1,0.875,0.1
223,1,0.784,4,1,1,0.91,0.126
224,1,0.825,4,1,1,0.91,0.085
225,1,0.866,4,1,1,0.867,0.001
226,1,0.8705,4,1,1,0.91,0.0395
227,1,0.875,4,1,1,0.904,0.029
228,1,0.877,4,1,1,0.876,-0.001
229,1,0.879,4,1,1,0.879,0
230,0,0.215,1,2,0,0.2792,0.0642
231,0,0.223,1,2,0,0.2921,0.0691
232,0,0.231,1,2,0,0.305,0.074
233,0,0.239,1,2,0,0.3024,0.0634
234,0,0.247,1,2,0,0.2998,0.0528
235,0,0.261,2,2,0,0.3143,0.0533
236,0,0.286,2,2,0,0.3461,0.0601
237,0,0.289,2,2,0,0.3545,0.0655
238,0,0.298,2,2,0,0.3525,0.0545
239,0,0.314,2,2,0,0.3983,0.0843
240,0,0.316,2,2,0,0.3995,0.0835
241,0,0.325,2,2,0,0.3925,0.0675
242,0,0.331,2,2,0,0.3902,0.0592
243,0,0.339,2,2,0,0.4041,0.0651
244,0,0.341,2,2,0,0.4213,0.0803
245,0,0.382,2,2,0,0.4459,0.0639
246,0,0.389,2,2,0,0.4657,0.0767
247,0,0.391,2,2,0,0.4829,0.0919
248,0,0.398,2,2,0,0.4637,0.0657
249,0,0.4,2,2,0,0.4859,0.0859
250,0,0.408,2,2,0,0.4788,0.0708
251,0,0.409,2,2,0,0.479,0.07
252,0,0.417,2,2,0,0.5119,0.0949
253,0,0.425,2,2,0,0.5008,0.0758
254,0,0.434,2,2,0,0.5088,0.0748
255,0,0.452,2,2,0,0.5398,0.0878
256,0,0.461,2,2,0,0.5518,0.0908
257,0,0.47,2,2,0,0.5638,0.0938
258,0,0.489,2,2,0,0.5839,0.0949
259,0,0.52,3,2,0,0.6034,0.0834
260,0,0.525,3,2,0,0.631,0.106
261,0,0.543,3,2,0,0.644,0.101
262,0,0.558,3,2,0,0.6577,0.0997
263,0,0.56,3,2,0,0.6439,0.0839
264,0,0.575,3,2,0,0.6876,0.1126
265,0,0.579,3,2,0,0.6811,0.1021
266,0,0.593,3,2,0,0.6876,0.0946
267,0,0.597,3,2,0,0.6971,0.1001
268,0,0.612,3,2,0,0.7298,0.1178
269,0,0.637,3,2,0,0.7366,0.0996
270,0,0.671,3,2,0,0.7914,0.1204
271,0,0.677,3,2,0,0.7731,0.0961
272,0,0.679,3,2,0,0.7823,0.1033
273,0,0.739,3,2,0,0.842,0.103
274,0,0.74,3,2,0,0.8511,0.1111
275,0,0.741,3,2,0,0.8633,0.1223
276,0,0.75,3,2,0,0.8723,0.1223
277,0,0.7715,4,2,0,0.89,0.1185
278,0,0.793,4,2,0,0.89,0.097
279,0,0.804,4,2,0,0.89,0.086
280,0,0.815,4,2,0,0.89,0.075
281,0,0.8345,4,2,0,0.89,0.0555
282,0,0.854,4,2,0,0.89,0.036
283,0,0.859,4,2,0,0.89,0.031
284,0,0.864,4,2,0,0.89,0.026
285,0,0.8665,4,2,0,0.89,0.0235
286,0,0.869,4,2,0,0.89,0.021
287,1,0.201,1,2,0,0.2976,0.0966
288,1,0.2095,1,2,0,0.319,0.1095
289,1,0.218,1,2,0,0.3405,0.1225
290,1,0.218,1,2,0,0.3195,0.1015
291,1,0.218,1,2,0,0.2985,0.0805
292,1,0.2185,1,2,0,0.2976,0.0791
293,1,0.219,1,2,0,0.2966,0.0776
294,1,0.226,1,2,0,0.3289,0.1029
295,1,0.233,1,2,0,0.3612,0.1282
296,1,0.2395,1,2,0,0.3674,0.1279
297,1,0.246,1,2,0,0.3736,0.1276
298,1,0.2465,1,2,0,0.3732,0.1267
299,1,0.247,1,2,0,0.3728,0.1258
300,1,0.259,2,2,0,0.3491,0.0901
301,1,0.278,2,2,0,0.4092,0.1312
302,1,0.281,2,2,0,0.3796,0.0986
303,1,0.284,2,2,0,0.3829,0.0989
304,1,0.32,2,2,0,0.424,0.104
305,1,0.323,2,2,0,0.4313,0.1083
306,1,0.335,2,2,0,0.4646,0.1296
307,1,0.341,2,2,0,0.4833,0.1423
308,1,0.351,2,2,0,0.4914,0.1404
309,1,0.362,2,2,0,0.4857,0.1237
310,1,0.377,2,2,0,0.4814,0.1044
311,1,0.377,2,2,0,0.4714,0.0944
312,1,0.389,2,2,0,0.5217,0.1327
313,1,0.398,2,2,0,0.5267,0.1287
314,1,0.411,2,2,0,0.5272,0.1162
315,1,0.418,2,2,0,0.516,0.098
316,1,0.419,2,2,0,0.5491,0.1301
317,1,0.427,2,2,0,0.565,0.138
318,1,0.428,2,2,0,0.5461,0.1181
319,1,0.429,2,2,0,0.5612,0.1322
320,1,0.44,2,2,0,0.5844,0.1444
321,1,0.479,2,2,0,0.5858,0.1068
322,1,0.483,2,2,0,0.6413,0.1583
323,1,0.483,2,2,0,0.6233,0.1403
324,1,0.489,2,2,0,0.6239,0.1349
325,1,0.499,2,2,0,0.6531,0.1541
326,1,0.516,3,2,0,0.627,0.111
327,1,0.519,3,2,0,0.6643,0.1453
328,1,0.522,3,2,0,0.6337,0.1117
329,1,0.591,3,2,0,0.7554,0.1644
330,1,0.599,3,2,0,0.7553,0.1563
331,1,0.607,3,2,0,0.7682,0.1612
332,1,0.619,3,2,0,0.7666,0.1476
333,1,0.63,3,2,0,0.7768,0.1468
334,1,0.635,3,2,0,0.7663,0.1313
335,1,0.68,3,2,0,0.8294,0.1494
336,1,0.722,3,2,0,0.8651,0.1431
337,1,0.725,3,2,0,0.89,0.165
338,1,0.752,4,2,0,0.89,0.138
339,1,0.7725,4,2,0,0.89,0.1175
340,1,0.793,4,2,0,0.89,0.097
341,1,0.817,4,2,0,0.89,0.073
342,1,0.841,4,2,0,0.89,0.049
343,1,0.849,4,2,0,0.89,0.041
344,1,0.857,4,2,0,0.89,0.033
345,1,0.8605,4,2,0,0.89,0.0295
346,1,0.864,4,2,0,0.89,0.026
347,0,0.215,1,2,1,0.2822,0.0672
348,0,0.216,1,2,1,0.2858,0.0698
349,0,0.217,1,2,1,0.2894,0.0724
350,0,0.265,2,2,1,0.3198,0.0548
351,0,0.299,2,2,1,0.3626,0.0636
352,0,0.301,2,2,1,0.3818,0.0808
353,0,0.306,2,2,1,0.3644,0.0584
354,0,0.313,2,2,1,0.3912,0.0782
355,0,0.315,2,2,1,0.3994,0.0844
356,0,0.319,2,2,1,0.3958,0.0768
357,0,0.324,2,2,1,0.3814,0.0574
358,0,0.327,2,2,1,0.3857,0.0587
359,0,0.337,2,2,1,0.4149,0.0779
360,0,0.363,2,2,1,0.4478,0.0848
361,0,0.364,2,2,1,0.4419,0.0779
362,0,0.365,2,2,1,0.429,0.064
363,0,0.379,2,2,1,0.4516,0.0726
364,0,0.382,2,2,1,0.4739,0.0919
365,0,0.401,2,2,1,0.4671,0.0661
366,0,0.422,2,2,1,0.4984,0.0764
367,0,0.424,2,2,1,0.5196,0.0956
368,0,0.431,2,2,1,0.5104,0.0794
369,0,0.437,2,2,1,0.5321,0.0951
370,0,0.45,2,2,1,0.5226,0.0726
371,0,0.455,2,2,1,0.5331,0.0781
372,0,0.461,2,2,1,0.5468,0.0858
373,0,0.471,2,2,1,0.5529,0.0819
374,0,0.474,2,2,1,0.5523,0.0783
375,0,0.484,2,2,1,0.5794,0.0954
376,0,0.514,3,2,1,0.6208,0.1068
377,0,0.552,3,2,1,0.675,0.123
378,0,0.555,3,2,1,0.6844,0.1294
379,0,0.57,3,2,1,0.688,0.118
380,0,0.581,3,2,1,0.6893,0.1083
381,0,0.581,3,2,1,0.7083,0.1273
382,0,0.601,3,2,1,0.7175,0.1165
383,0,0.611,3,2,1,0.7217,0.1107
384,0,0.635,3,2,1,0.7603,0.1253
385,0,0.639,3,2,1,0.7698,0.1308
386,0,0.658,3,2,1,0.7889,0.1309
387,0,0.724,3,2,1,0.8703,0.1463
388,0,0.727,3,2,1,0.8547,0.1277
389,0,0.729,3,2,1,0.8689,0.1399
390,0,0.731,3,2,1,0.8791,0.1481
391,0,0.738,3,2,1,0.8719,0.1339
392,0,0.749,3,2,1,0.8932,0.1442
393,0,0.776,4,2,1,0.91,0.134
394,0,0.781,4,2,1,0.91,0.129
395,0,0.786,4,2,1,0.91,0.124
396,0,0.7865,4,2,1,0.91,0.1235
397,0,0.787,4,2,1,0.876,0.089
398,0,0.807,4,2,1,0.895,0.088
399,0,0.827,4,2,1,0.891,0.064
400,0,0.827,4,2,1,0.867,0.04
401,0,0.827,4,2,1,0.91,0.083
402,1,0.208,1,2,1,0.2824,0.0744
403,1,0.2145,1,2,1,0.3081,0.0936
404,1,0.221,1,2,1,0.3338,0.1128
405,1,0.222,1,2,1,0.3359,0.1139
406,1,0.223,1,2,1,0.3381,0.1151
407,1,0.231,1,2,1,0.3405,0.1095
408,1,0.239,1,2,1,0.3429,0.1039
409,1,0.2445,1,2,1,0.339,0.0945
410,1,0.25,1,2,1,0.3351,0.0851
411,1,0.272,2,2,1,0.4076,0.1356
412,1,0.284,2,2,1,0.4139,0.1299
413,1,0.29,2,2,1,0.4036,0.1136
414,1,0.324,2,2,1,0.4414,0.1174
415,1,0.343,2,2,1,0.4685,0.1255
416,1,0.348,2,2,1,0.4811,0.1331
417,1,0.349,2,2,1,0.4462,0.0972
418,1,0.352,2,2,1,0.4986,0.1466
419,1,0.365,2,2,1,0.471,0.106
420,1,0.39,2,2,1,0.5418,0.1518
421,1,0.396,2,2,1,0.4915,0.0955
422,1,0.407,2,2,1,0.5327,0.1257
423,1,0.421,2,2,1,0.5623,0.1413
424,1,0.437,2,2,1,0.5681,0.1311
425,1,0.511,3,2,1,0.6934,0.1824
426,1,0.516,3,2,1,0.699,0.183
427,1,0.517,3,2,1,0.6511,0.1341
428,1,0.522,3,2,1,0.6567,0.1347
429,1,0.532,3,2,1,0.6718,0.1398
430,1,0.54,3,2,1,0.7097,0.1697
431,1,0.542,3,2,1,0.6769,0.1349
432,1,0.61,3,2,1,0.7845,0.1745
433,1,0.616,3,2,1,0.8022,0.1862
434,1,0.619,3,2,1,0.8056,0.1866
435,1,0.622,3,2,1,0.8149,0.1929
436,1,0.628,3,2,1,0.8186,0.1906
437,1,0.635,3,2,1,0.8323,0.1973
438,1,0.654,3,2,1,0.8155,0.1615
439,1,0.661,3,2,1,0.8183,0.1573
440,1,0.679,3,2,1,0.8453,0.1663
441,1,0.682,3,2,1,0.8616,0.1796
442,1,0.696,3,2,1,0.8512,0.1552
443,1,0.706,3,2,1,0.8683,0.1623
444,1,0.719,3,2,1,0.9078,0.1888
445,1,0.723,3,2,1,0.91,0.187
446,1,0.723,3,2,1,0.8902,0.1672
447,1,0.726,3,2,1,0.91,0.184
448,1,0.731,3,2,1,0.8881,0.1571
449,1,0.742,3,2,1,0.91,0.168
450,1,0.743,3,2,1,0.91,0.167
451,1,0.808,4,2,1,0.91,0.102
452,1,0.8145,4,2,1,0.91,0.0955
453,1,0.821,4,2,1,0.91,0.089
454,1,0.834,4,2,1,0.91,0.076
455,1,0.847,4,2,1,0.91,0.063
456,1,0.8485,4,2,1,0.91,0.0615
457,1,0.85,4,2,1,0.91,0.06
458,1,0.8695,4,2,1,0.91,0.0405
459,1,0.889,4,2,1,0.91,0.021
460,0,0.201,1,3,0,0.2506,0.0496
461,0,0.2105,1,3,0,0.2607,0.0502
462,0,0.22,1,3,0,0.2707,0.0507
463,0,0.225,1,3,0,0.2858,0.0608
464,0,0.23,1,3,0,0.3008,0.0708
465,0,0.2385,1,3,0,0.3058,0.0673
466,0,0.247,1,3,0,0.3108,0.0638
467,0,0.256,2,3,0,0.3238,0.0678
468,0,0.257,2,3,0,0.3169,0.0599
469,0,0.266,2,3,0,0.3309,0.0649
470,0,0.28,2,3,0,0.3575,0.0775
471,0,0.283,2,3,0,0.3388,0.0558
472,0,0.302,2,3,0,0.3829,0.0809
473,0,0.306,2,3,0,0.3634,0.0574
474,0,0.32,2,3,0,0.381,0.061
475,0,0.333,2,3,0,0.4084,0.0754
476,0,0.343,2,3,0,0.4035,0.0605
477,0,0.359,2,3,0,0.4473,0.0883
478,0,0.367,2,3,0,0.4412,0.0742
479,0,0.384,2,3,0,0.4681,0.0841
480,0,0.399,2,3,0,0.4758,0.0768
481,0,0.405,2,3,0,0.4705,0.0655
482,0,0.405,2,3,0,0.4845,0.0795
483,0,0.412,2,3,0,0.5063,0.0943
484,0,0.415,2,3,0,0.4866,0.0716
485,0,0.432,2,3,0,0.5135,0.0815
486,0,0.436,2,3,0,0.534,0.098
487,0,0.486,2,3,0,0.5646,0.0786
488,0,0.487,2,3,0,0.5717,0.0847
489,0,0.504,3,3,0,0.5966,0.0926
490,0,0.518,3,3,0,0.6022,0.0842
491,0,0.524,3,3,0,0.6249,0.1009
492,0,0.596,3,3,0,0.701,0.105
493,0,0.606,3,3,0,0.6981,0.0921
494,0,0.608,3,3,0,0.6963,0.0883
495,0,0.621,3,3,0,0.7298,0.1088
496,0,0.64,3,3,0,0.7469,0.1069
497,0,0.647,3,3,0,0.7547,0.1077
498,0,0.65,3,3,0,0.751,0.101
499,0,0.655,3,3,0,0.7536,0.0986
500,0,0.678,3,3,0,0.7912,0.1132
501,0,0.68,3,3,0,0.8014,0.1214
502,0,0.701,3,3,0,0.8188,0.1178
503,0,0.714,3,3,0,0.8212,0.1072
504,0,0.716,3,3,0,0.8224,0.1064
505,0,0.734,3,3,0,0.8405,0.1065
506,0,0.743,3,3,0,0.8745,0.1315
507,0,0.75,3,3,0,0.8723,0.1223
508,0,0.7595,4,3,0,0.8763,0.1168
509,0,0.769,4,3,0,0.8804,0.1114
510,0,0.7775,4,3,0,0.89,0.1125
511,0,0.786,4,3,0,0.89,0.104
512,0,0.7915,4,3,0,0.89,0.0985
513,0,0.797,4,3,0,0.89,0.093
514,0,0.7975,4,3,0,0.89,0.0925
515,0,0.798,4,3,0,0.89,0.092
516,0,0.829,4,3,0,0.89,0.061
517,0,0.86,4,3,0,0.89,0.03
518,1,0.219,1,3,0,0.2946,0.0756
519,1,0.2265,1,3,0,0.3159,0.0894
520,1,0.234,1,3,0,0.3373,0.1033
521,1,0.2365,1,3,0,0.3331,0.0966
522,1,0.239,1,3,0,0.3289,0.0899
523,1,0.2415,1,3,0,0.3476,0.1061
524,1,0.244,1,3,0,0.3664,0.1224
525,1,0.262,2,3,0,0.3454,0.0834
526,1,0.266,2,3,0,0.3619,0.0959
527,1,0.266,2,3,0,0.3859,0.1199
528,1,0.293,2,3,0,0.4179,0.1249
529,1,0.296,2,3,0,0.4243,0.1283
530,1,0.307,2,3,0,0.4505,0.1435
531,1,0.313,2,3,0,0.4152,0.1022
532,1,0.326,2,3,0,0.4256,0.0996
533,1,0.348,2,3,0,0.4371,0.0891
534,1,0.372,2,3,0,0.4778,0.1058
535,1,0.373,2,3,0,0.4999,0.1269
536,1,0.392,2,3,0,0.528,0.136
537,1,0.401,2,3,0,0.5451,0.1441
538,1,0.427,2,3,0,0.574,0.147
539,1,0.445,2,3,0,0.594,0.149
540,1,0.448,2,3,0,0.5713,0.1233
541,1,0.498,2,3,0,0.649,0.151
542,1,0.5,2,3,0,0.6322,0.1322
543,1,0.5,2,3,0,0.6502,0.1502
544,1,0.509,3,3,0,0.6292,0.1202
545,1,0.51,3,3,0,0.6383,0.1283
546,1,0.521,3,3,0,0.6605,0.1395
547,1,0.54,3,3,0,0.6987,0.1587
548,1,0.562,3,3,0,0.6771,0.1151
549,1,0.568,3,3,0,0.7218,0.1538
550,1,0.569,3,3,0,0.6909,0.1219
551,1,0.579,3,3,0,0.7291,0.1501
552,1,0.58,3,3,0,0.7482,0.1682
553,1,0.612,3,3,0,0.7538,0.1418
554,1,0.618,3,3,0,0.7944,0.1764
555,1,0.625,3,3,0,0.7582,0.1332
556,1,0.639,3,3,0,0.8198,0.1808
557,1,0.64,3,3,0,0.7929,0.1529
558,1,0.645,3,3,0,0.7765,0.1315
559,1,0.657,3,3,0,0.8088,0.1518
560,1,0.661,3,3,0,0.7893,0.1283
561,1,0.664,3,3,0,0.8376,0.1736
562,1,0.719,3,3,0,0.89,0.171
563,1,0.724,3,3,0,0.8693,0.1453
564,1,0.738,3,3,0,0.8819,0.1439
565,1,0.738,3,3,0,0.8819,0.1439
566,1,0.751,4,3,0,0.89,0.139
567,1,0.769,4,3,0,0.89,0.121
568,1,0.787,4,3,0,0.89,0.103
569,1,0.8055,4,3,0,0.89,0.0845
570,1,0.824,4,3,0,0.89,0.066
571,1,0.838,4,3,0,0.89,0.052
572,1,0.852,4,3,0,0.89,0.038
573,1,0.8645,4,3,0,0.89,0.0255
574,1,0.877,4,3,0,0.89,0.013
575,0,0.207,1,3,1,0.2623,0.0553
576,0,0.2125,1,3,1,0.2684,0.0559
577,0,0.218,1,3,1,0.2745,0.0565
578,0,0.2305,1,3,1,0.2874,0.0569
579,0,0.243,1,3,1,0.3003,0.0573
580,0,0.245,1,3,1,0.3035,0.0585
581,0,0.247,1,3,1,0.3068,0.0598
582,0,0.257,2,3,1,0.3299,0.0729
583,0,0.257,2,3,1,0.3159,0.0589
584,0,0.269,2,3,1,0.3332,0.0642
585,0,0.282,2,3,1,0.3437,0.0617
586,0,0.291,2,3,1,0.3477,0.0567
587,0,0.299,2,3,1,0.3746,0.0756
588,0,0.301,2,3,1,0.3698,0.0688
589,0,0.303,2,3,1,0.385,0.082
590,0,0.306,2,3,1,0.3734,0.0674
591,0,0.318,2,3,1,0.3857,0.0677
592,0,0.319,2,3,1,0.3868,0.0678
593,0,0.331,2,3,1,0.3922,0.0612
594,0,0.336,2,3,1,0.4008,0.0648
595,0,0.352,2,3,1,0.4246,0.0726
596,0,0.353,2,3,1,0.4267,0.0737
597,0,0.364,2,3,1,0.4289,0.0649
598,0,0.381,2,3,1,0.4678,0.0868
599,0,0.391,2,3,1,0.4719,0.0809
600,0,0.418,2,3,1,0.514,0.096
601,0,0.428,2,3,1,0.5161,0.0881
602,0,0.445,2,3,1,0.521,0.076
603,0,0.503,3,3,1,0.6255,0.1225
604,0,0.504,3,3,1,0.6266,0.1226
605,0,0.517,3,3,1,0.6411,0.1241
606,0,0.554,3,3,1,0.6622,0.1082
607,0,0.555,3,3,1,0.6844,0.1294
608,0,0.593,3,3,1,0.7006,0.1076
609,0,0.633,3,3,1,0.7571,0.1241
610,0,0.635,3,3,1,0.7553,0.1203
611,0,0.635,3,3,1,0.7593,0.1243
612,0,0.638,3,3,1,0.7507,0.1127
613,0,0.67,3,3,1,0.7913,0.1213
614,0,0.673,3,3,1,0.8076,0.1346
615,0,0.685,3,3,1,0.828,0.143
616,0,0.691,3,3,1,0.8226,0.1316
617,0,0.722,3,3,1,0.8701,0.1481
618,0,0.725,3,3,1,0.8485,0.1235
619,0,0.726,3,3,1,0.8626,0.1366
620,0,0.737,3,3,1,0.8798,0.1428
621,0,0.742,3,3,1,0.8924,0.1504
622,0,0.745,3,3,1,0.8777,0.1327
623,0,0.802,4,3,1,0.91,0.108
624,0,0.8075,4,3,1,0.91,0.1025
625,0,0.813,4,3,1,0.91,0.097
626,0,0.8135,4,3,1,0.91,0.0965
627,0,0.814,4,3,1,0.91,0.096
628,0,0.821,4,3,1,0.91,0.089
629,0,0.828,4,3,1,0.91,0.082
630,0,0.8365,4,3,1,0.91,0.0735
631,0,0.845,4,3,1,0.91,0.065
632,1,0.213,1,3,1,0.3449,0.1319
633,1,0.2205,1,3,1,0.3543,0.1338
634,1,0.228,1,3,1,0.3636,0.1356
635,1,0.2305,1,3,1,0.3374,0.1069
636,1,0.233,1,3,1,0.3112,0.0782
637,1,0.2345,1,3,1,0.3288,0.0943
638,1,0.236,1,3,1,0.3465,0.1105
639,1,0.238,1,3,1,0.3427,0.1047
640,1,0.24,1,3,1,0.339,0.099
641,1,0.244,1,3,1,0.3619,0.1179
642,1,0.248,1,3,1,0.3849,0.1369
643,1,0.261,2,3,1,0.3993,0.1383
644,1,0.269,2,3,1,0.3952,0.1262
645,1,0.272,2,3,1,0.4076,0.1356
646,1,0.29,2,3,1,0.3856,0.0956
647,1,0.303,2,3,1,0.39,0.087
648,1,0.305,2,3,1,0.4183,0.1133
649,1,0.311,2,3,1,0.4369,0.1259
650,1,0.324,2,3,1,0.4494,0.1254
651,1,0.353,2,3,1,0.4827,0.1297
652,1,0.357,2,3,1,0.4791,0.1221
653,1,0.374,2,3,1,0.524,0.15
654,1,0.391,2,3,1,0.5129,0.1219
655,1,0.397,2,3,1,0.5466,0.1496
656,1,0.406,2,3,1,0.5296,0.1236
657,1,0.421,2,3,1,0.5583,0.1373
658,1,0.426,2,3,1,0.5249,0.0989
659,1,0.466,2,3,1,0.6034,0.1374
660,1,0.477,2,3,1,0.6056,0.1286
661,1,0.486,2,3,1,0.6186,0.1326
662,1,0.491,2,3,1,0.6422,0.1512
663,1,0.516,3,3,1,0.701,0.185
664,1,0.531,3,3,1,0.7067,0.1757
665,1,0.532,3,3,1,0.6908,0.1588
666,1,0.533,3,3,1,0.7099,0.1769
667,1,0.542,3,3,1,0.6929,0.1509
668,1,0.604,3,3,1,0.7909,0.1869
669,1,0.612,3,3,1,0.7838,0.1718
670,1,0.618,3,3,1,0.7754,0.1574
671,1,0.629,3,3,1,0.7727,0.1437
672,1,0.639,3,3,1,0.8258,0.1868
673,1,0.653,3,3,1,0.8554,0.2024
674,1,0.674,3,3,1,0.8297,0.1557
675,1,0.678,3,3,1,0.8472,0.1692
676,1,0.688,3,3,1,0.8813,0.1933
677,1,0.695,3,3,1,0.8851,0.1901
678,1,0.704,3,3,1,0.8891,0.1851
679,1,0.711,3,3,1,0.8759,0.1649
680,1,0.719,3,3,1,0.91,0.191
681,1,0.732,3,3,1,0.8892,0.1572
682,1,0.753,4,3,1,0.91,0.157
683,1,0.7795,4,3,1,0.91,0.1305
684,1,0.806,4,3,1,0.91,0.104
685,1,0.823,4,3,1,0.91,0.087
686,1,0.84,4,3,1,0.91,0.07
687,1,0.844,4,3,1,0.91,0.066
688,1,0.848,4,3,1,0.91,0.062
689,1,0.852,4,3,1,0.91,0.058
690,1,0.856,4,3,1,0.91,0.054
691,0,0.225,1,4,0,0.2993,0.0743
692,0,0.2275,1,4,0,0.2981,0.0706
693,0,0.23,1,4,0,0.2968,0.0668
694,0,0.2305,1,4,0,0.2964,0.0659
695,0,0.231,1,4,0,0.296,0.065
696,0,0.2385,1,4,0,0.3078,0.0693
697,0,0.246,1,4,0,0.3196,0.0736
698,0,0.266,2,4,0,0.3279,0.0619
699,0,0.341,2,4,0,0.4153,0.0743
700,0,0.346,2,4,0,0.4219,0.0759
701,0,0.355,2,4,0,0.4379,0.0829
702,0,0.367,2,4,0,0.4492,0.0822
703,0,0.38,2,4,0,0.4517,0.0717
704,0,0.409,2,4,0,0.496,0.087
705,0,0.426,2,4,0,0.5129,0.0869
706,0,0.445,2,4,0,0.521,0.076
707,0,0.484,2,4,0,0.5714,0.0874
708,0,0.484,2,4,0,0.5794,0.0954
709,0,0.486,2,4,0,0.5736,0.0876
710,0,0.501,3,4,0,0.5903,0.0893
711,0,0.508,3,4,0,0.6151,0.1071
712,0,0.518,3,4,0,0.6122,0.0942
713,0,0.532,3,4,0,0.6278,0.0958
714,0,0.543,3,4,0,0.636,0.093
715,0,0.546,3,4,0,0.6543,0.1083
716,0,0.547,3,4,0,0.6365,0.0895
717,0,0.561,3,4,0,0.668,0.107
718,0,0.57,3,4,0,0.669,0.099
719,0,0.579,3,4,0,0.6911,0.1121
720,0,0.58,3,4,0,0.6752,0.0952
721,0,0.581,3,4,0,0.6963,0.1153
722,0,0.583,3,4,0,0.6825,0.0995
723,0,0.59,3,4,0,0.6773,0.0873
724,0,0.595,3,4,0,0.6979,0.1029
725,0,0.595,3,4,0,0.6979,0.1029
726,0,0.607,3,4,0,0.7042,0.0972
727,0,0.634,3,4,0,0.7282,0.0942
728,0,0.653,3,4,0,0.7704,0.1174
729,0,0.663,3,4,0,0.7855,0.1225
730,0,0.663,3,4,0,0.7635,0.1005
731,0,0.665,3,4,0,0.7847,0.1197
732,0,0.68,3,4,0,0.7784,0.0984
733,0,0.695,3,4,0,0.8031,0.1081
734,0,0.701,3,4,0,0.8298,0.1288
735,0,0.723,3,4,0,0.8332,0.1102
736,0,0.725,3,4,0,0.8485,0.1235
737,0,0.727,3,4,0,0.8517,0.1247
738,0,0.748,3,4,0,0.858,0.11
739,0,0.795,4,4,0,0.89,0.095
740,0,0.8015,4,4,0,0.89,0.0885
741,0,0.808,4,4,0,0.89,0.082
742,0,0.8155,4,4,0,0.89,0.0745
743,0,0.823,4,4,0,0.89,0.067
744,0,0.834,4,4,0,0.89,0.056
745,0,0.845,4,4,0,0.89,0.045
746,0,0.8565,4,4,0,0.89,0.0335
747,0,0.868,4,4,0,0.89,0.022
748,1,0.208,1,4,0,0.3344,0.1264
749,1,0.2175,1,4,0,0.3469,0.1294
750,1,0.227,1,4,0,0.3595,0.1325
751,1,0.229,1,4,0,0.3347,0.1057
752,1,0.231,1,4,0,0.31,0.079
753,1,0.235,1,4,0,0.3339,0.0989
754,1,0.239,1,4,0,0.3579,0.1189
755,1,0.243,1,4,0,0.3508,0.1078
756,1,0.247,1,4,0,0.3438,0.0968
757,1,0.271,2,4,0,0.4044,0.1334
758,1,0.292,2,4,0,0.4028,0.1108
759,1,0.294,2,4,0,0.386,0.092
760,1,0.33,2,4,0,0.4291,0.0991
761,1,0.334,2,4,0,0.4285,0.0945
762,1,0.356,2,4,0,0.487,0.131
763,1,0.361,2,4,0,0.4686,0.1076
764,1,0.385,2,4,0,0.5063,0.1213
765,1,0.4,2,4,0,0.5479,0.1479
766,1,0.403,2,4,0,0.5083,0.1053
767,1,0.414,2,4,0,0.5475,0.1335
768,1,0.421,2,4,0,0.5503,0.1293
769,1,0.443,2,4,0,0.5888,0.1458
770,1,0.447,2,4,0,0.5892,0.1422
771,1,0.449,2,4,0,0.5984,0.1494
772,1,0.458,2,4,0,0.6085,0.1505
773,1,0.478,2,4,0,0.6237,0.1457
774,1,0.487,2,4,0,0.6237,0.1367
775,1,0.493,2,4,0,0.6574,0.1644
776,1,0.515,3,4,0,0.6769,0.1619
777,1,0.518,3,4,0,0.6332,0.1152
778,1,0.553,3,4,0,0.6681,0.1151
779,1,0.573,3,4,0,0.7244,0.1514
780,1,0.573,3,4,0,0.7144,0.1414
781,1,0.591,3,4,0,0.7284,0.1374
782,1,0.596,3,4,0,0.72,0.124
783,1,0.616,3,4,0,0.7462,0.1302
784,1,0.623,3,4,0,0.75,0.127
785,1,0.624,3,4,0,0.7541,0.1301
786,1,0.625,3,4,0,0.7592,0.1342
787,1,0.627,3,4,0,0.7994,0.1724
788,1,0.63,3,4,0,0.7828,0.1528
789,1,0.645,3,4,0,0.7985,0.1535
790,1,0.656,3,4,0,0.7927,0.1367
791,1,0.708,3,4,0,0.8426,0.1346
792,1,0.719,3,4,0,0.8638,0.1448
793,1,0.719,3,4,0,0.8648,0.1458
794,1,0.731,3,4,0,0.8761,0.1451
795,1,0.734,3,4,0,0.8875,0.1535
796,1,0.746,3,4,0,0.89,0.144
797,1,0.792,4,4,0,0.89,0.098
798,1,0.804,4,4,0,0.89,0.086
799,1,0.816,4,4,0,0.89,0.074
800,1,0.8245,4,4,0,0.89,0.0655
801,1,0.833,4,4,0,0.89,0.057
802,1,0.8495,4,4,0,0.89,0.0405
803,1,0.866,4,4,0,0.89,0.024
804,1,0.867,4,4,0,0.89,0.023
805,1,0.868,4,4,0,0.89,0.022
806,0,0.211,1,4,1,0.2637,0.0527
807,0,0.22,1,4,1,0.2747,0.0547
808,0,0.229,1,4,1,0.2857,0.0567
809,0,0.231,1,4,1,0.29,0.059
810,0,0.233,1,4,1,0.2942,0.0612
811,0,0.255,2,4,1,0.3247,0.0697
812,0,0.257,2,4,1,0.3339,0.0769
813,0,0.263,2,4,1,0.3306,0.0676
814,0,0.264,2,4,1,0.3327,0.0687
815,0,0.28,2,4,1,0.3395,0.0595
816,0,0.314,2,4,1,0.3873,0.0733
817,0,0.32,2,4,1,0.392,0.072
818,0,0.339,2,4,1,0.4191,0.0801
819,0,0.349,2,4,1,0.4382,0.0892
820,0,0.354,2,4,1,0.4218,0.0678
821,0,0.378,2,4,1,0.4525,0.0745
822,0,0.4,2,4,1,0.4899,0.0899
823,0,0.413,2,4,1,0.5084,0.0954
824,0,0.427,2,4,1,0.502,0.075
825,0,0.431,2,4,1,0.5154,0.0844
826,0,0.431,2,4,1,0.5114,0.0804
827,0,0.436,2,4,1,0.515,0.079
828,0,0.456,2,4,1,0.5482,0.0922
829,0,0.464,2,4,1,0.5641,0.1001
830,0,0.474,2,4,1,0.5513,0.0773
831,0,0.507,3,4,1,0.611,0.104
832,0,0.509,3,4,1,0.6312,0.1222
833,0,0.509,3,4,1,0.6252,0.1162
834,0,0.533,3,4,1,0.6339,0.1009
835,0,0.535,3,4,1,0.6531,0.1181
836,0,0.535,3,4,1,0.6481,0.1131
837,0,0.543,3,4,1,0.645,0.102
838,0,0.543,3,4,1,0.644,0.101
839,0,0.546,3,4,1,0.6543,0.1083
840,0,0.556,3,4,1,0.6725,0.1165
841,0,0.561,3,4,1,0.686,0.125
842,0,0.574,3,4,1,0.7005,0.1265
843,0,0.578,3,4,1,0.7109,0.1329
844,0,0.604,3,4,1,0.7409,0.1369
845,0,0.621,3,4,1,0.7438,0.1228
846,0,0.628,3,4,1,0.7656,0.1376
847,0,0.644,3,4,1,0.7744,0.1304
848,0,0.66,3,4,1,0.7792,0.1192
849,0,0.71,3,4,1,0.8448,0.1348
850,0,0.716,3,4,1,0.8564,0.1404
851,0,0.719,3,4,1,0.8398,0.1208
852,0,0.735,3,4,1,0.8626,0.1276
853,0,0.751,4,4,1,0.8914,0.1404
854,0,0.753,4,4,1,0.8896,0.1366
855,0,0.755,4,4,1,0.8878,0.1328
856,0,0.765,4,4,1,0.9075,0.1425
857,0,0.775,4,4,1,0.91,0.135
858,0,0.7875,4,4,1,0.91,0.1225
859,0,0.8,4,4,1,0.91,0.11
860,0,0.8335,4,4,1,0.91,0.0765
861,0,0.867,4,4,1,0.91,0.043
862,1,0.214,1,4,1,0.333,0.119
863,1,0.2255,1,4,1,0.3288,0.1033
864,1,0.237,1,4,1,0.3246,0.0876
865,1,0.242,1,4,1,0.3442,0.1022
866,1,0.247,1,4,1,0.3638,0.1168
867,1,0.301,2,4,1,0.4128,0.1118
868,1,0.305,2,4,1,0.3923,0.0873
869,1,0.314,2,4,1,0.4293,0.1153
870,1,0.327,2,4,1,0.4177,0.0907
871,1,0.328,2,4,1,0.4749,0.1469
872,1,0.341,2,4,1,0.4583,0.1173
873,1,0.341,2,4,1,0.4823,0.1413
874,1,0.348,2,4,1,0.4881,0.1401
875,1,0.359,2,4,1,0.4893,0.1303
876,1,0.375,2,4,1,0.5011,0.1261
877,1,0.391,2,4,1,0.5389,0.1479
878,1,0.395,2,4,1,0.5264,0.1314
879,1,0.429,2,4,1,0.5412,0.1122
880,1,0.452,2,4,1,0.5718,0.1198
881,1,0.453,2,4,1,0.6009,0.1479
882,1,0.454,2,4,1,0.561,0.107
883,1,0.457,2,4,1,0.5613,0.1043
884,1,0.463,2,4,1,0.595,0.132
885,1,0.471,2,4,1,0.6269,0.1559
886,1,0.479,2,4,1,0.6398,0.1608
887,1,0.485,2,4,1,0.6015,0.1165
888,1,0.489,2,4,1,0.6499,0.1609
889,1,0.517,3,4,1,0.6571,0.1401
890,1,0.529,3,4,1,0.6624,0.1334
891,1,0.56,3,4,1,0.7329,0.1729
892,1,0.564,3,4,1,0.7204,0.1564
893,1,0.573,3,4,1,0.7484,0.1754
894,1,0.582,3,4,1,0.7444,0.1624
895,1,0.589,3,4,1,0.7682,0.1792
896,1,0.595,3,4,1,0.7759,0.1809
897,1,0.609,3,4,1,0.8004,0.1914
898,1,0.611,3,4,1,0.7987,0.1877
899,1,0.621,3,4,1,0.7798,0.1588
900,1,0.634,3,4,1,0.8292,0.1952
901,1,0.636,3,4,1,0.8005,0.1645
902,1,0.651,3,4,1,0.8231,0.1721
903,1,0.66,3,4,1,0.8572,0.1972
904,1,0.667,3,4,1,0.8619,0.1949
905,1,0.685,3,4,1,0.846,0.161
906,1,0.699,3,4,1,0.8865,0.1875
907,1,0.722,3,4,1,0.91,0.188
908,1,0.738,3,4,1,0.91,0.172
909,1,0.76,4,4,1,0.91,0.15
910,1,0.763,4,4,1,0.91,0.147
911,1,0.766,4,4,1,0.91,0.144
912,1,0.768,4,4,1,0.91,0.142
913,1,0.77,4,4,1,0.91,0.14
914,1,0.7765,4,4,1,0.91,0.1335
915,1,0.783,4,4,1,0.91,0.127
916,1,0.8155,4,4,1,0.91,0.0945
917,1,0.848,4,4,1,0.91,0.062
918,0,0.204,1,5,0,0.2569,0.0529
919,0,0.219,1,5,0,0.2731,0.0541
920,0,0.234,1,5,0,0.2893,0.0553
921,0,0.236,1,5,0,0.297,0.061
922,0,0.238,1,5,0,0.3047,0.0667
923,0,0.265,2,5,0,0.3148,0.0498
924,0,0.268,2,5,0,0.3301,0.0621
925,0,0.274,2,5,0,0.3448,0.0708
926,0,0.276,2,5,0,0.356,0.08
927,0,0.277,2,5,0,0.3421,0.0651
928,0,0.281,2,5,0,0.3406,0.0596
929,0,0.286,2,5,0,0.3411,0.0551
930,0,0.321,2,5,0,0.3891,0.0681
931,0,0.321,2,5,0,0.3911,0.0701
932,0,0.33,2,5,0,0.3921,0.0621
933,0,0.339,2,5,0,0.4101,0.0711
934,0,0.363,2,5,0,0.4308,0.0678
935,0,0.363,2,5,0,0.4318,0.0688
936,0,0.38,2,5,0,0.4677,0.0877
937,0,0.409,2,5,0,0.501,0.092
938,0,0.416,2,5,0,0.4987,0.0827
939,0,0.427,2,5,0,0.519,0.092
940,0,0.429,2,5,0,0.4982,0.0692
941,0,0.431,2,5,0,0.5044,0.0734
942,0,0.462,2,5,0,0.5509,0.0889
943,0,0.462,2,5,0,0.5549,0.0929
944,0,0.465,2,5,0,0.5432,0.0782
945,0,0.472,2,5,0,0.565,0.093
946,0,0.476,2,5,0,0.5665,0.0905
947,0,0.496,2,5,0,0.5857,0.0897
948,0,0.511,3,5,0,0.5974,0.0864
949,0,0.528,3,5,0,0.6223,0.0943
950,0,0.53,3,5,0,0.6306,0.1006
951,0,0.545,3,5,0,0.6342,0.0892
952,0,0.55,3,5,0,0.6448,0.0948
953,0,0.553,3,5,0,0.6361,0.0831
954,0,0.572,3,5,0,0.6833,0.1113
955,0,0.578,3,5,0,0.6639,0.0859
956,0,0.6,3,5,0,0.6924,0.0924
957,0,0.641,3,5,0,0.749,0.108
958,0,0.68,3,5,0,0.7774,0.0974
959,0,0.682,3,5,0,0.8036,0.1216
960,0,0.702,3,5,0,0.8249,0.1229
961,0,0.705,3,5,0,0.8102,0.1052
962,0,0.721,3,5,0,0.829,0.108
963,0,0.724,3,5,0,0.8513,0.1273
964,0,0.742,3,5,0,0.8564,0.1144
965,0,0.753,4,5,0,0.8676,0.1146
966,0,0.7735,4,5,0,0.8899,0.1164
967,0,0.794,4,5,0,0.89,0.096
968,0,0.802,4,5,0,0.89,0.088
969,0,0.81,4,5,0,0.89,0.08
970,0,0.84,4,5,0,0.89,0.05
971,0,0.87,4,5,0,0.89,0.02
972,0,0.873,4,5,0,0.89,0.017
973,0,0.876,4,5,0,0.89,0.014
974,1,0.201,1,5,0,0.2746,0.0736
975,1,0.2075,1,5,0,0.3038,0.0963
976,1,0.214,1,5,0,0.333,0.119
977,1,0.2155,1,5,0,0.3162,0.1007
978,1,0.217,1,5,0,0.2994,0.0824
979,1,0.22,1,5,0,0.3157,0.0957
980,1,0.223,1,5,0,0.3321,0.1091
981,1,0.2325,1,5,0,0.3301,0.0976
982,1,0.242,1,5,0,0.3282,0.0862
983,1,0.256,2,5,0,0.3688,0.1128
984,1,0.258,2,5,0,0.349,0.091
985,1,0.258,2,5,0,0.375,0.117
986,1,0.282,2,5,0,0.4017,0.1197
987,1,0.327,2,5,0,0.4627,0.1357
988,1,0.337,2,5,0,0.4389,0.1019
989,1,0.354,2,5,0,0.4528,0.0988
990,1,0.36,2,5,0,0.4994,0.1394
991,1,0.361,2,5,0,0.4916,0.1306
992,1,0.396,2,5,0,0.5055,0.1095
993,1,0.424,2,5,0,0.5426,0.1186
994,1,0.45,2,5,0,0.6106,0.1606
995,1,0.453,2,5,0,0.5939,0.1409
996,1,0.463,2,5,0,0.572,0.109
997,1,0.463,2,5,0,0.612,0.149
998,1,0.471,2,5,0,0.6239,0.1529
999,1,0.473,2,5,0,0.5801,0.1071
1000,1,0.502,3,5,0,0.6274,0.1254
1001,1,0.502,3,5,0,0.6534,0.1514
1002,1,0.505,3,5,0,0.6637,0.1587
1003,1,0.514,3,5,0,0.6648,0.1508
1004,1,0.532,3,5,0,0.6898,0.1578
1005,1,0.57,3,5,0,0.698,0.128
1006,1,0.577,3,5,0,0.7228,0.1458
1007,1,0.582,3,5,0,0.7154,0.1334
1008,1,0.59,3,5,0,0.7163,0.1263
1009,1,0.606,3,5,0,0.7781,0.1721
1010,1,0.611,3,5,0,0.7467,0.1357
1011,1,0.616,3,5,0,0.7692,0.1532
1012,1,0.639,3,5,0,0.8178,0.1788
1013,1,0.64,3,5,0,0.7879,0.1479
1014,1,0.64,3,5,0,0.7969,0.1569
1015,1,0.648,3,5,0,0.8168,0.1688
1016,1,0.682,3,5,0,0.8396,0.1576
1017,1,0.683,3,5,0,0.8517,0.1687
1018,1,0.71,3,5,0,0.8688,0.1588
1019,1,0.716,3,5,0,0.89,0.174
1020,1,0.718,3,5,0,0.887,0.169
1021,1,0.735,3,5,0,0.89,0.155
1022,1,0.749,3,5,0,0.78,0.031
1023,1,0.761,4,5,0,0.89,0.129
1024,1,0.798,4,5,0,0.89,0.092
1025,1,0.835,4,5,0,0.89,0.055
1026,1,0.8375,4,5,0,0.889,0.0515
1027,1,0.84,4,5,0,0.89,0.05
1028,1,0.8455,4,5,0,0.89,0.0445
1029,1,0.851,4,5,0,0.89,0.039
1030,1,0.8705,4,5,0,0.89,0.0195
1031,1,0.89,4,5,0,0.89,0
1032,0,0.205,1,5,1,0.262,0.057
1033,0,0.2125,1,5,1,0.2759,0.0634
1034,0,0.22,1,5,1,0.2897,0.0697
1035,0,0.222,1,5,1,0.2814,0.0594
1036,0,0.224,1,5,1,0.2732,0.0492
1037,0,0.2275,1,5,1,0.2841,0.0566
1038,0,0.231,1,5,1,0.295,0.064
1039,0,0.2365,1,5,1,0.2961,0.0596
1040,0,0.242,1,5,1,0.2972,0.0552
1041,0,0.246,1,5,1,0.3016,0.0556
1042,0,0.25,1,5,1,0.3061,0.0561
1043,0,0.29,2,5,1,0.3626,0.0726
1044,0,0.291,2,5,1,0.3597,0.0687
1045,0,0.312,2,5,1,0.3961,0.0841
1046,0,0.326,2,5,1,0.4006,0.0746
1047,0,0.359,2,5,1,0.4443,0.0853
1048,0,0.363,2,5,1,0.4358,0.0728
1049,0,0.375,2,5,1,0.4641,0.0891
1050,0,0.383,2,5,1,0.458,0.075
1051,0,0.386,2,5,1,0.4684,0.0824
1052,0,0.388,2,5,1,0.4786,0.0906
1053,0,0.402,2,5,1,0.4792,0.0772
1054,0,0.426,2,5,1,0.5149,0.0889
1055,0,0.453,2,5,1,0.5529,0.0999
1056,0,0.455,2,5,1,0.5531,0.0981
1057,0,0.475,2,5,1,0.5564,0.0814
1058,0,0.478,2,5,1,0.5737,0.0957
1059,0,0.481,2,5,1,0.562,0.081
1060,0,0.484,2,5,1,0.5714,0.0874
1061,0,0.494,2,5,1,0.5945,0.1005
1062,0,0.508,3,5,1,0.6201,0.1121
1063,0,0.552,3,5,1,0.683,0.131
1064,0,0.563,3,5,1,0.6693,0.1063
1065,0,0.577,3,5,1,0.7038,0.1268
1066,0,0.609,3,5,1,0.7354,0.1264
1067,0,0.614,3,5,1,0.735,0.121
1068,0,0.616,3,5,1,0.7502,0.1342
1069,0,0.621,3,5,1,0.7328,0.1118
1070,0,0.624,3,5,1,0.7511,0.1271
1071,0,0.627,3,5,1,0.7514,0.1244
1072,0,0.631,3,5,1,0.7559,0.1249
1073,0,0.638,3,5,1,0.7737,0.1357
1074,0,0.639,3,5,1,0.7738,0.1348
1075,0,0.644,3,5,1,0.7804,0.1364
1076,0,0.645,3,5,1,0.7615,0.1165
1077,0,0.669,3,5,1,0.7892,0.1202
1078,0,0.708,3,5,1,0.8356,0.1276
1079,0,0.719,3,5,1,0.8658,0.1468
1080,0,0.734,3,5,1,0.8845,0.1505
1081,0,0.743,3,5,1,0.8885,0.1455
1082,0,0.756,4,5,1,0.8979,0.1419
1083,0,0.772,4,5,1,0.8923,0.1203
1084,0,0.788,4,5,1,0.8657,0.0777
1085,0,0.8185,4,5,1,0.8564,0.0379
1086,0,0.849,4,5,1,0.898,0.049
1087,0,0.8565,4,5,1,0.8667,0.0102
1088,0,0.864,4,5,1,0.91,0.046
1089,0,0.8655,4,5,1,0.91,0.0445
1090,0,0.867,4,5,1,0.899,0.032
1091,1,0.228,1,5,1,0.3236,0.0956
1092,1,0.229,1,5,1,0.3397,0.1107
1093,1,0.23,1,5,1,0.3558,0.1258
1094,1,0.2395,1,5,1,0.3614,0.1219
1095,1,0.249,1,5,1,0.367,0.118
1096,1,0.275,2,5,1,0.3899,0.1149
1097,1,0.277,2,5,1,0.3701,0.0931
1098,1,0.284,2,5,1,0.3919,0.1079
1099,1,0.289,2,5,1,0.3765,0.0875
1100,1,0.314,2,5,1,0.4353,0.1213
1101,1,0.317,2,5,1,0.4086,0.0916
1102,1,0.324,2,5,1,0.4374,0.1134
1103,1,0.325,2,5,1,0.4495,0.1245
1104,1,0.33,2,5,1,0.4491,0.1191
1105,1,0.333,2,5,1,0.4394,0.1064
1106,1,0.357,2,5,1,0.4961,0.1391
1107,1,0.363,2,5,1,0.4688,0.1058
1108,1,0.363,2,5,1,0.4698,0.1068
1109,1,0.364,2,5,1,0.5009,0.1369
1110,1,0.381,2,5,1,0.5108,0.1298
1111,1,0.388,2,5,1,0.5136,0.1256
1112,1,0.411,2,5,1,0.5072,0.0962
1113,1,0.421,2,5,1,0.5603,0.1393
1114,1,0.423,2,5,1,0.5595,0.1365
1115,1,0.435,2,5,1,0.5659,0.1309
1116,1,0.452,2,5,1,0.6128,0.1608
1117,1,0.464,2,5,1,0.5851,0.1211
1118,1,0.475,2,5,1,0.5804,0.1054
1119,1,0.489,2,5,1,0.6029,0.1139
1120,1,0.507,3,5,1,0.637,0.13
1121,1,0.532,3,5,1,0.7198,0.1878
1122,1,0.533,3,5,1,0.6649,0.1319
1123,1,0.547,3,5,1,0.7345,0.1875
1124,1,0.553,3,5,1,0.6861,0.1331
1125,1,0.578,3,5,1,0.7349,0.1569
1126,1,0.584,3,5,1,0.7506,0.1666
1127,1,0.628,3,5,1,0.7696,0.1416
1128,1,0.632,3,5,1,0.831,0.199
1129,1,0.649,3,5,1,0.7969,0.1479
1130,1,0.662,3,5,1,0.8574,0.1954
1131,1,0.665,3,5,1,0.8527,0.1877
1132,1,0.665,3,5,1,0.8487,0.1837
1133,1,0.689,3,5,1,0.8954,0.2064
1134,1,0.696,3,5,1,0.9042,0.2082
1135,1,0.707,3,5,1,0.9064,0.1994
1136,1,0.722,3,5,1,0.8801,0.1581
1137,1,0.723,3,5,1,0.8892,0.1662
1138,1,0.778,4,5,1,0.901,0.123
1139,1,0.78,4,5,1,0.798,0.018
1140,1,0.782,4,5,1,0.899,0.117
1141,1,0.7825,4,5,1,0.798,0.0155
1142,1,0.783,4,5,1,0.89,0.107
1143,1,0.788,4,5,1,0.78,-0.008
1144,1,0.793,4,5,1,0.8,0.007
1145,1,0.83,4,5,1,0.89,0.06
1146,1,0.867,4,5,1,0.878,0.011
